event,date,producto_relacionado
New Year's Day,2026-01-01,Aguacate Hass
New Year's Day,2026-01-01,Lima
New Year's Day,2026-01-01,Refresco limón 600 ml
New Year's Day,2026-01-01,Mandarina
New Year's Day,2026-01-01,Jugo de naranja 1 L
New Year's Day,2026-01-01,Papaya
New Year's Day,2026-01-01,Piña
New Year's Day,2026-01-01,Plátano tabasco 1 kg
New Year's Day,2026-01-01,Tamarindo
New Year's Day,2026-01-01,Toronja (pomelo)
New Year's Day,2026-01-01,Zapote negro
New Year's Day,2026-01-01,Acelga
New Year's Day,2026-01-01,Ajo
New Year's Day,2026-01-01,Berenjena
New Year's Day,2026-01-01,Betabel
New Year's Day,2026-01-01,Calabacita
New Year's Day,2026-01-01,Cebolla
New Year's Day,2026-01-01,Chile verde (jalapeño/serrano)
New Year's Day,2026-01-01,Col (repollo)
New Year's Day,2026-01-01,Coliflor
New Year's Day,2026-01-01,Espinaca
New Year's Day,2026-01-01,Jitomate (tomate rojo)
New Year's Day,2026-01-01,Lechuga
New Year's Day,2026-01-01,Papas fritas clásicas 170 g
New Year's Day,2026-01-01,Pepino
New Year's Day,2026-01-01,Tomate verde (tomatillo)
New Year's Day,2026-01-01,Zanahoria
Day of the Holy Kings,2026-01-06,Aguacate Hass
Day of the Holy Kings,2026-01-06,Lima
Day of the Holy Kings,2026-01-06,Refresco limón 600 ml
Day of the Holy Kings,2026-01-06,Mandarina
Day of the Holy Kings,2026-01-06,Jugo de naranja 1 L
Day of the Holy Kings,2026-01-06,Papaya
Day of the Holy Kings,2026-01-06,Piña
Day of the Holy Kings,2026-01-06,Plátano tabasco 1 kg
Day of the Holy Kings,2026-01-06,Tamarindo
Day of the Holy Kings,2026-01-06,Toronja (pomelo)
Day of the Holy Kings,2026-01-06,Zapote negro
Day of the Holy Kings,2026-01-06,Acelga
Day of the Holy Kings,2026-01-06,Ajo
Day of the Holy Kings,2026-01-06,Berenjena
Day of the Holy Kings,2026-01-06,Betabel
Day of the Holy Kings,2026-01-06,Calabacita
Day of the Holy Kings,2026-01-06,Cebolla
Day of the Holy Kings,2026-01-06,Chile verde (jalapeño/serrano)
Day of the Holy Kings,2026-01-06,Col (repollo)
Day of the Holy Kings,2026-01-06,Coliflor
Day of the Holy Kings,2026-01-06,Espinaca
Day of the Holy Kings,2026-01-06,Jitomate (tomate rojo)
Day of the Holy Kings,2026-01-06,Lechuga
Day of the Holy Kings,2026-01-06,Papas fritas clásicas 170 g
Day of the Holy Kings,2026-01-06,Pepino
Day of the Holy Kings,2026-01-06,Tomate verde (tomatillo)
Day of the Holy Kings,2026-01-06,Zanahoria
Candlemas,2026-02-02,Aguacate Hass
Candlemas,2026-02-02,Lima
Candlemas,2026-02-02,Refresco limón 600 ml
Candlemas,2026-02-02,Mandarina
Candlemas,2026-02-02,Jugo de naranja 1 L
Candlemas,2026-02-02,Papaya
Candlemas,2026-02-02,Piña
Candlemas,2026-02-02,Plátano tabasco 1 kg
Candlemas,2026-02-02,Tamarindo
Candlemas,2026-02-02,Toronja (pomelo)
Candlemas,2026-02-02,Acelga
Candlemas,2026-02-02,Ajo
Candlemas,2026-02-02,Berenjena
Candlemas,2026-02-02,Betabel
Candlemas,2026-02-02,Calabacita
Candlemas,2026-02-02,Cebolla
Candlemas,2026-02-02,Chile verde (jalapeño/serrano)
Candlemas,2026-02-02,Col (repollo)
Candlemas,2026-02-02,Coliflor
Candlemas,2026-02-02,Ejote
Candlemas,2026-02-02,Espinaca
Candlemas,2026-02-02,Jitomate (tomate rojo)
Candlemas,2026-02-02,Lechuga
Candlemas,2026-02-02,Papas fritas clásicas 170 g
Candlemas,2026-02-02,Pepino
Candlemas,2026-02-02,Tomate verde (tomatillo)
Candlemas,2026-02-02,Zanahoria
Constitution Day,2026-02-02,Aguacate Hass
Constitution Day,2026-02-02,Lima
Constitution Day,2026-02-02,Refresco limón 600 ml
Constitution Day,2026-02-02,Mandarina
Constitution Day,2026-02-02,Jugo de naranja 1 L
Constitution Day,2026-02-02,Papaya
Constitution Day,2026-02-02,Piña
Constitution Day,2026-02-02,Plátano tabasco 1 kg
Constitution Day,2026-02-02,Tamarindo
Constitution Day,2026-02-02,Toronja (pomelo)
Constitution Day,2026-02-02,Acelga
Constitution Day,2026-02-02,Ajo
Constitution Day,2026-02-02,Berenjena
Constitution Day,2026-02-02,Betabel
Constitution Day,2026-02-02,Calabacita
Constitution Day,2026-02-02,Cebolla
Constitution Day,2026-02-02,Chile verde (jalapeño/serrano)
Constitution Day,2026-02-02,Col (repollo)
Constitution Day,2026-02-02,Coliflor
Constitution Day,2026-02-02,Ejote
Constitution Day,2026-02-02,Espinaca
Constitution Day,2026-02-02,Jitomate (tomate rojo)
Constitution Day,2026-02-02,Lechuga
Constitution Day,2026-02-02,Papas fritas clásicas 170 g
Constitution Day,2026-02-02,Pepino
Constitution Day,2026-02-02,Tomate verde (tomatillo)
Constitution Day,2026-02-02,Zanahoria
Constitution Day,2026-02-05,Aguacate Hass
Constitution Day,2026-02-05,Lima
Constitution Day,2026-02-05,Refresco limón 600 ml
Constitution Day,2026-02-05,Mandarina
Constitution Day,2026-02-05,Jugo de naranja 1 L
Constitution Day,2026-02-05,Papaya
Constitution Day,2026-02-05,Piña
Constitution Day,2026-02-05,Plátano tabasco 1 kg
Constitution Day,2026-02-05,Tamarindo
Constitution Day,2026-02-05,Toronja (pomelo)
Constitution Day,2026-02-05,Acelga
Constitution Day,2026-02-05,Ajo
Constitution Day,2026-02-05,Berenjena
Constitution Day,2026-02-05,Betabel
Constitution Day,2026-02-05,Calabacita
Constitution Day,2026-02-05,Cebolla
Constitution Day,2026-02-05,Chile verde (jalapeño/serrano)
Constitution Day,2026-02-05,Col (repollo)
Constitution Day,2026-02-05,Coliflor
Constitution Day,2026-02-05,Ejote
Constitution Day,2026-02-05,Espinaca
Constitution Day,2026-02-05,Jitomate (tomate rojo)
Constitution Day,2026-02-05,Lechuga
Constitution Day,2026-02-05,Papas fritas clásicas 170 g
Constitution Day,2026-02-05,Pepino
Constitution Day,2026-02-05,Tomate verde (tomatillo)
Constitution Day,2026-02-05,Zanahoria
Valentine's Day,2026-02-14,Aguacate Hass
Valentine's Day,2026-02-14,Lima
Valentine's Day,2026-02-14,Refresco limón 600 ml
Valentine's Day,2026-02-14,Mandarina
Valentine's Day,2026-02-14,Jugo de naranja 1 L
Valentine's Day,2026-02-14,Papaya
Valentine's Day,2026-02-14,Piña
Valentine's Day,2026-02-14,Plátano tabasco 1 kg
Valentine's Day,2026-02-14,Tamarindo
Valentine's Day,2026-02-14,Toronja (pomelo)
Valentine's Day,2026-02-14,Acelga
Valentine's Day,2026-02-14,Ajo
Valentine's Day,2026-02-14,Berenjena
Valentine's Day,2026-02-14,Betabel
Valentine's Day,2026-02-14,Calabacita
Valentine's Day,2026-02-14,Cebolla
Valentine's Day,2026-02-14,Chile verde (jalapeño/serrano)
Valentine's Day,2026-02-14,Col (repollo)
Valentine's Day,2026-02-14,Coliflor
Valentine's Day,2026-02-14,Ejote
Valentine's Day,2026-02-14,Espinaca
Valentine's Day,2026-02-14,Jitomate (tomate rojo)
Valentine's Day,2026-02-14,Lechuga
Valentine's Day,2026-02-14,Papas fritas clásicas 170 g
Valentine's Day,2026-02-14,Pepino
Valentine's Day,2026-02-14,Tomate verde (tomatillo)
Valentine's Day,2026-02-14,Zanahoria
Ash Wednesday,2026-02-18,Aguacate Hass
Ash Wednesday,2026-02-18,Lima
Ash Wednesday,2026-02-18,Refresco limón 600 ml
Ash Wednesday,2026-02-18,Mandarina
Ash Wednesday,2026-02-18,Jugo de naranja 1 L
Ash Wednesday,2026-02-18,Papaya
Ash Wednesday,2026-02-18,Piña
Ash Wednesday,2026-02-18,Plátano tabasco 1 kg
Ash Wednesday,2026-02-18,Tamarindo
Ash Wednesday,2026-02-18,Toronja (pomelo)
Ash Wednesday,2026-02-18,Acelga
Ash Wednesday,2026-02-18,Ajo
Ash Wednesday,2026-02-18,Berenjena
Ash Wednesday,2026-02-18,Betabel
Ash Wednesday,2026-02-18,Calabacita
Ash Wednesday,2026-02-18,Cebolla
Ash Wednesday,2026-02-18,Chile verde (jalapeño/serrano)
Ash Wednesday,2026-02-18,Col (repollo)
Ash Wednesday,2026-02-18,Coliflor
Ash Wednesday,2026-02-18,Ejote
Ash Wednesday,2026-02-18,Espinaca
Ash Wednesday,2026-02-18,Jitomate (tomate rojo)
Ash Wednesday,2026-02-18,Lechuga
Ash Wednesday,2026-02-18,Papas fritas clásicas 170 g
Ash Wednesday,2026-02-18,Pepino
Ash Wednesday,2026-02-18,Tomate verde (tomatillo)
Ash Wednesday,2026-02-18,Zanahoria
Flag Day,2026-02-24,Aguacate Hass
Flag Day,2026-02-24,Lima
Flag Day,2026-02-24,Refresco limón 600 ml
Flag Day,2026-02-24,Mandarina
Flag Day,2026-02-24,Jugo de naranja 1 L
Flag Day,2026-02-24,Papaya
Flag Day,2026-02-24,Piña
Flag Day,2026-02-24,Plátano tabasco 1 kg
Flag Day,2026-02-24,Tamarindo
Flag Day,2026-02-24,Toronja (pomelo)
Flag Day,2026-02-24,Acelga
Flag Day,2026-02-24,Ajo
Flag Day,2026-02-24,Berenjena
Flag Day,2026-02-24,Betabel
Flag Day,2026-02-24,Calabacita
Flag Day,2026-02-24,Cebolla
Flag Day,2026-02-24,Chile verde (jalapeño/serrano)
Flag Day,2026-02-24,Col (repollo)
Flag Day,2026-02-24,Coliflor
Flag Day,2026-02-24,Ejote
Flag Day,2026-02-24,Espinaca
Flag Day,2026-02-24,Jitomate (tomate rojo)
Flag Day,2026-02-24,Lechuga
Flag Day,2026-02-24,Papas fritas clásicas 170 g
Flag Day,2026-02-24,Pepino
Flag Day,2026-02-24,Tomate verde (tomatillo)
Flag Day,2026-02-24,Zanahoria
Benito Juárez's Birthday Memorial,2026-03-16,Aguacate Hass
Benito Juárez's Birthday Memorial,2026-03-16,Lima
Benito Juárez's Birthday Memorial,2026-03-16,Refresco limón 600 ml
Benito Juárez's Birthday Memorial,2026-03-16,Mandarina
Benito Juárez's Birthday Memorial,2026-03-16,Jugo de naranja 1 L
Benito Juárez's Birthday Memorial,2026-03-16,Papaya
Benito Juárez's Birthday Memorial,2026-03-16,Piña
Benito Juárez's Birthday Memorial,2026-03-16,Plátano tabasco 1 kg
Benito Juárez's Birthday Memorial,2026-03-16,Sandía
Benito Juárez's Birthday Memorial,2026-03-16,Tamarindo
Benito Juárez's Birthday Memorial,2026-03-16,Toronja (pomelo)
Benito Juárez's Birthday Memorial,2026-03-16,Acelga
Benito Juárez's Birthday Memorial,2026-03-16,Ajo
Benito Juárez's Birthday Memorial,2026-03-16,Berenjena
Benito Juárez's Birthday Memorial,2026-03-16,Betabel
Benito Juárez's Birthday Memorial,2026-03-16,Calabacita
Benito Juárez's Birthday Memorial,2026-03-16,Cebolla
Benito Juárez's Birthday Memorial,2026-03-16,Chile verde (jalapeño/serrano)
Benito Juárez's Birthday Memorial,2026-03-16,Col (repollo)
Benito Juárez's Birthday Memorial,2026-03-16,Coliflor
Benito Juárez's Birthday Memorial,2026-03-16,Ejote
Benito Juárez's Birthday Memorial,2026-03-16,Elote (maíz tierno)
Benito Juárez's Birthday Memorial,2026-03-16,Espinaca
Benito Juárez's Birthday Memorial,2026-03-16,Jitomate (tomate rojo)
Benito Juárez's Birthday Memorial,2026-03-16,Lechuga
Benito Juárez's Birthday Memorial,2026-03-16,Nopal
Benito Juárez's Birthday Memorial,2026-03-16,Papas fritas clásicas 170 g
Benito Juárez's Birthday Memorial,2026-03-16,Pepino
Benito Juárez's Birthday Memorial,2026-03-16,Tomate verde (tomatillo)
Benito Juárez's Birthday Memorial,2026-03-16,Zanahoria
Oil Expropriation Day,2026-03-18,Aguacate Hass
Oil Expropriation Day,2026-03-18,Lima
Oil Expropriation Day,2026-03-18,Refresco limón 600 ml
Oil Expropriation Day,2026-03-18,Mandarina
Oil Expropriation Day,2026-03-18,Jugo de naranja 1 L
Oil Expropriation Day,2026-03-18,Papaya
Oil Expropriation Day,2026-03-18,Piña
Oil Expropriation Day,2026-03-18,Plátano tabasco 1 kg
Oil Expropriation Day,2026-03-18,Sandía
Oil Expropriation Day,2026-03-18,Tamarindo
Oil Expropriation Day,2026-03-18,Toronja (pomelo)
Oil Expropriation Day,2026-03-18,Acelga
Oil Expropriation Day,2026-03-18,Ajo
Oil Expropriation Day,2026-03-18,Berenjena
Oil Expropriation Day,2026-03-18,Betabel
Oil Expropriation Day,2026-03-18,Calabacita
Oil Expropriation Day,2026-03-18,Cebolla
Oil Expropriation Day,2026-03-18,Chile verde (jalapeño/serrano)
Oil Expropriation Day,2026-03-18,Col (repollo)
Oil Expropriation Day,2026-03-18,Coliflor
Oil Expropriation Day,2026-03-18,Ejote
Oil Expropriation Day,2026-03-18,Elote (maíz tierno)
Oil Expropriation Day,2026-03-18,Espinaca
Oil Expropriation Day,2026-03-18,Jitomate (tomate rojo)
Oil Expropriation Day,2026-03-18,Lechuga
Oil Expropriation Day,2026-03-18,Nopal
Oil Expropriation Day,2026-03-18,Papas fritas clásicas 170 g
Oil Expropriation Day,2026-03-18,Pepino
Oil Expropriation Day,2026-03-18,Tomate verde (tomatillo)
Oil Expropriation Day,2026-03-18,Zanahoria
March Equinox,2026-03-20,Aguacate Hass
March Equinox,2026-03-20,Lima
March Equinox,2026-03-20,Refresco limón 600 ml
March Equinox,2026-03-20,Mandarina
March Equinox,2026-03-20,Jugo de naranja 1 L
March Equinox,2026-03-20,Papaya
March Equinox,2026-03-20,Piña
March Equinox,2026-03-20,Plátano tabasco 1 kg
March Equinox,2026-03-20,Sandía
March Equinox,2026-03-20,Tamarindo
March Equinox,2026-03-20,Toronja (pomelo)
March Equinox,2026-03-20,Acelga
March Equinox,2026-03-20,Ajo
March Equinox,2026-03-20,Berenjena
March Equinox,2026-03-20,Betabel
March Equinox,2026-03-20,Calabacita
March Equinox,2026-03-20,Cebolla
March Equinox,2026-03-20,Chile verde (jalapeño/serrano)
March Equinox,2026-03-20,Col (repollo)
March Equinox,2026-03-20,Coliflor
March Equinox,2026-03-20,Ejote
March Equinox,2026-03-20,Elote (maíz tierno)
March Equinox,2026-03-20,Espinaca
March Equinox,2026-03-20,Jitomate (tomate rojo)
March Equinox,2026-03-20,Lechuga
March Equinox,2026-03-20,Nopal
March Equinox,2026-03-20,Papas fritas clásicas 170 g
March Equinox,2026-03-20,Pepino
March Equinox,2026-03-20,Tomate verde (tomatillo)
March Equinox,2026-03-20,Zanahoria
Benito Juárez's Birthday Memorial,2026-03-21,Aguacate Hass
Benito Juárez's Birthday Memorial,2026-03-21,Lima
Benito Juárez's Birthday Memorial,2026-03-21,Refresco limón 600 ml
Benito Juárez's Birthday Memorial,2026-03-21,Mandarina
Benito Juárez's Birthday Memorial,2026-03-21,Jugo de naranja 1 L
Benito Juárez's Birthday Memorial,2026-03-21,Papaya
Benito Juárez's Birthday Memorial,2026-03-21,Piña
Benito Juárez's Birthday Memorial,2026-03-21,Plátano tabasco 1 kg
Benito Juárez's Birthday Memorial,2026-03-21,Sandía
Benito Juárez's Birthday Memorial,2026-03-21,Tamarindo
Benito Juárez's Birthday Memorial,2026-03-21,Toronja (pomelo)
Benito Juárez's Birthday Memorial,2026-03-21,Acelga
Benito Juárez's Birthday Memorial,2026-03-21,Ajo
Benito Juárez's Birthday Memorial,2026-03-21,Berenjena
Benito Juárez's Birthday Memorial,2026-03-21,Betabel
Benito Juárez's Birthday Memorial,2026-03-21,Calabacita
Benito Juárez's Birthday Memorial,2026-03-21,Cebolla
Benito Juárez's Birthday Memorial,2026-03-21,Chile verde (jalapeño/serrano)
Benito Juárez's Birthday Memorial,2026-03-21,Col (repollo)
Benito Juárez's Birthday Memorial,2026-03-21,Coliflor
Benito Juárez's Birthday Memorial,2026-03-21,Ejote
Benito Juárez's Birthday Memorial,2026-03-21,Elote (maíz tierno)
Benito Juárez's Birthday Memorial,2026-03-21,Espinaca
Benito Juárez's Birthday Memorial,2026-03-21,Jitomate (tomate rojo)
Benito Juárez's Birthday Memorial,2026-03-21,Lechuga
Benito Juárez's Birthday Memorial,2026-03-21,Nopal
Benito Juárez's Birthday Memorial,2026-03-21,Papas fritas clásicas 170 g
Benito Juárez's Birthday Memorial,2026-03-21,Pepino
Benito Juárez's Birthday Memorial,2026-03-21,Tomate verde (tomatillo)
Benito Juárez's Birthday Memorial,2026-03-21,Zanahoria
Palm Sunday,2026-03-29,Aguacate Hass
Palm Sunday,2026-03-29,Lima
Palm Sunday,2026-03-29,Refresco limón 600 ml
Palm Sunday,2026-03-29,Mandarina
Palm Sunday,2026-03-29,Jugo de naranja 1 L
Palm Sunday,2026-03-29,Papaya
Palm Sunday,2026-03-29,Piña
Palm Sunday,2026-03-29,Plátano tabasco 1 kg
Palm Sunday,2026-03-29,Sandía
Palm Sunday,2026-03-29,Tamarindo
Palm Sunday,2026-03-29,Toronja (pomelo)
Palm Sunday,2026-03-29,Acelga
Palm Sunday,2026-03-29,Ajo
Palm Sunday,2026-03-29,Berenjena
Palm Sunday,2026-03-29,Betabel
Palm Sunday,2026-03-29,Calabacita
Palm Sunday,2026-03-29,Cebolla
Palm Sunday,2026-03-29,Chile verde (jalapeño/serrano)
Palm Sunday,2026-03-29,Col (repollo)
Palm Sunday,2026-03-29,Coliflor
Palm Sunday,2026-03-29,Ejote
Palm Sunday,2026-03-29,Elote (maíz tierno)
Palm Sunday,2026-03-29,Espinaca
Palm Sunday,2026-03-29,Jitomate (tomate rojo)
Palm Sunday,2026-03-29,Lechuga
Palm Sunday,2026-03-29,Nopal
Palm Sunday,2026-03-29,Papas fritas clásicas 170 g
Palm Sunday,2026-03-29,Pepino
Palm Sunday,2026-03-29,Tomate verde (tomatillo)
Palm Sunday,2026-03-29,Zanahoria
Maundy Thursday,2026-04-02,Aguacate Hass
Maundy Thursday,2026-04-02,Lima
Maundy Thursday,2026-04-02,Refresco limón 600 ml
Maundy Thursday,2026-04-02,Mamey
Maundy Thursday,2026-04-02,Mango Ataulfo 1kg
Maundy Thursday,2026-04-02,Jugo de naranja 1 L
Maundy Thursday,2026-04-02,Papaya
Maundy Thursday,2026-04-02,Piña
Maundy Thursday,2026-04-02,Plátano tabasco 1 kg
Maundy Thursday,2026-04-02,Sandía
Maundy Thursday,2026-04-02,Tamarindo
Maundy Thursday,2026-04-02,Toronja (pomelo)
Maundy Thursday,2026-04-02,Acelga
Maundy Thursday,2026-04-02,Ajo
Maundy Thursday,2026-04-02,Berenjena
Maundy Thursday,2026-04-02,Betabel
Maundy Thursday,2026-04-02,Calabacita
Maundy Thursday,2026-04-02,Cebolla
Maundy Thursday,2026-04-02,Chayote
Maundy Thursday,2026-04-02,Chile verde (jalapeño/serrano)
Maundy Thursday,2026-04-02,Chícharo
Maundy Thursday,2026-04-02,Col (repollo)
Maundy Thursday,2026-04-02,Coliflor
Maundy Thursday,2026-04-02,Ejote
Maundy Thursday,2026-04-02,Elote (maíz tierno)
Maundy Thursday,2026-04-02,Espinaca
Maundy Thursday,2026-04-02,Jitomate (tomate rojo)
Maundy Thursday,2026-04-02,Lechuga
Maundy Thursday,2026-04-02,Nopal
Maundy Thursday,2026-04-02,Papas fritas clásicas 170 g
Maundy Thursday,2026-04-02,Pepino
Maundy Thursday,2026-04-02,Tomate verde (tomatillo)
Maundy Thursday,2026-04-02,Verdolaga
Maundy Thursday,2026-04-02,Zanahoria
Good Friday,2026-04-03,Aguacate Hass
Good Friday,2026-04-03,Lima
Good Friday,2026-04-03,Refresco limón 600 ml
Good Friday,2026-04-03,Mamey
Good Friday,2026-04-03,Mango Ataulfo 1kg
Good Friday,2026-04-03,Jugo de naranja 1 L
Good Friday,2026-04-03,Papaya
Good Friday,2026-04-03,Piña
Good Friday,2026-04-03,Plátano tabasco 1 kg
Good Friday,2026-04-03,Sandía
Good Friday,2026-04-03,Tamarindo
Good Friday,2026-04-03,Toronja (pomelo)
Good Friday,2026-04-03,Acelga
Good Friday,2026-04-03,Ajo
Good Friday,2026-04-03,Berenjena
Good Friday,2026-04-03,Betabel
Good Friday,2026-04-03,Calabacita
Good Friday,2026-04-03,Cebolla
Good Friday,2026-04-03,Chayote
Good Friday,2026-04-03,Chile verde (jalapeño/serrano)
Good Friday,2026-04-03,Chícharo
Good Friday,2026-04-03,Col (repollo)
Good Friday,2026-04-03,Coliflor
Good Friday,2026-04-03,Ejote
Good Friday,2026-04-03,Elote (maíz tierno)
Good Friday,2026-04-03,Espinaca
Good Friday,2026-04-03,Jitomate (tomate rojo)
Good Friday,2026-04-03,Lechuga
Good Friday,2026-04-03,Nopal
Good Friday,2026-04-03,Papas fritas clásicas 170 g
Good Friday,2026-04-03,Pepino
Good Friday,2026-04-03,Tomate verde (tomatillo)
Good Friday,2026-04-03,Verdolaga
Good Friday,2026-04-03,Zanahoria
Holy Saturday,2026-04-04,Aguacate Hass
Holy Saturday,2026-04-04,Lima
Holy Saturday,2026-04-04,Refresco limón 600 ml
Holy Saturday,2026-04-04,Mamey
Holy Saturday,2026-04-04,Mango Ataulfo 1kg
Holy Saturday,2026-04-04,Jugo de naranja 1 L
Holy Saturday,2026-04-04,Papaya
Holy Saturday,2026-04-04,Piña
Holy Saturday,2026-04-04,Plátano tabasco 1 kg
Holy Saturday,2026-04-04,Sandía
Holy Saturday,2026-04-04,Tamarindo
Holy Saturday,2026-04-04,Toronja (pomelo)
Holy Saturday,2026-04-04,Acelga
Holy Saturday,2026-04-04,Ajo
Holy Saturday,2026-04-04,Berenjena
Holy Saturday,2026-04-04,Betabel
Holy Saturday,2026-04-04,Calabacita
Holy Saturday,2026-04-04,Cebolla
Holy Saturday,2026-04-04,Chayote
Holy Saturday,2026-04-04,Chile verde (jalapeño/serrano)
Holy Saturday,2026-04-04,Chícharo
Holy Saturday,2026-04-04,Col (repollo)
Holy Saturday,2026-04-04,Coliflor
Holy Saturday,2026-04-04,Ejote
Holy Saturday,2026-04-04,Elote (maíz tierno)
Holy Saturday,2026-04-04,Espinaca
Holy Saturday,2026-04-04,Jitomate (tomate rojo)
Holy Saturday,2026-04-04,Lechuga
Holy Saturday,2026-04-04,Nopal
Holy Saturday,2026-04-04,Papas fritas clásicas 170 g
Holy Saturday,2026-04-04,Pepino
Holy Saturday,2026-04-04,Tomate verde (tomatillo)
Holy Saturday,2026-04-04,Verdolaga
Holy Saturday,2026-04-04,Zanahoria
Easter Sunday,2026-04-05,Aguacate Hass
Easter Sunday,2026-04-05,Lima
Easter Sunday,2026-04-05,Refresco limón 600 ml
Easter Sunday,2026-04-05,Mamey
Easter Sunday,2026-04-05,Mango Ataulfo 1kg
Easter Sunday,2026-04-05,Jugo de naranja 1 L
Easter Sunday,2026-04-05,Papaya
Easter Sunday,2026-04-05,Piña
Easter Sunday,2026-04-05,Plátano tabasco 1 kg
Easter Sunday,2026-04-05,Sandía
Easter Sunday,2026-04-05,Tamarindo
Easter Sunday,2026-04-05,Toronja (pomelo)
Easter Sunday,2026-04-05,Acelga
Easter Sunday,2026-04-05,Ajo
Easter Sunday,2026-04-05,Berenjena
Easter Sunday,2026-04-05,Betabel
Easter Sunday,2026-04-05,Calabacita
Easter Sunday,2026-04-05,Cebolla
Easter Sunday,2026-04-05,Chayote
Easter Sunday,2026-04-05,Chile verde (jalapeño/serrano)
Easter Sunday,2026-04-05,Chícharo
Easter Sunday,2026-04-05,Col (repollo)
Easter Sunday,2026-04-05,Coliflor
Easter Sunday,2026-04-05,Ejote
Easter Sunday,2026-04-05,Elote (maíz tierno)
Easter Sunday,2026-04-05,Espinaca
Easter Sunday,2026-04-05,Jitomate (tomate rojo)
Easter Sunday,2026-04-05,Lechuga
Easter Sunday,2026-04-05,Nopal
Easter Sunday,2026-04-05,Papas fritas clásicas 170 g
Easter Sunday,2026-04-05,Pepino
Easter Sunday,2026-04-05,Tomate verde (tomatillo)
Easter Sunday,2026-04-05,Verdolaga
Easter Sunday,2026-04-05,Zanahoria
Children's Day,2026-04-30,Aguacate Hass
Children's Day,2026-04-30,Lima
Children's Day,2026-04-30,Refresco limón 600 ml
Children's Day,2026-04-30,Mamey
Children's Day,2026-04-30,Mango Ataulfo 1kg
Children's Day,2026-04-30,Jugo de naranja 1 L
Children's Day,2026-04-30,Papaya
Children's Day,2026-04-30,Piña
Children's Day,2026-04-30,Plátano tabasco 1 kg
Children's Day,2026-04-30,Sandía
Children's Day,2026-04-30,Tamarindo
Children's Day,2026-04-30,Toronja (pomelo)
Children's Day,2026-04-30,Acelga
Children's Day,2026-04-30,Ajo
Children's Day,2026-04-30,Berenjena
Children's Day,2026-04-30,Betabel
Children's Day,2026-04-30,Calabacita
Children's Day,2026-04-30,Cebolla
Children's Day,2026-04-30,Chayote
Children's Day,2026-04-30,Chile verde (jalapeño/serrano)
Children's Day,2026-04-30,Chícharo
Children's Day,2026-04-30,Col (repollo)
Children's Day,2026-04-30,Coliflor
Children's Day,2026-04-30,Ejote
Children's Day,2026-04-30,Elote (maíz tierno)
Children's Day,2026-04-30,Espinaca
Children's Day,2026-04-30,Jitomate (tomate rojo)
Children's Day,2026-04-30,Lechuga
Children's Day,2026-04-30,Nopal
Children's Day,2026-04-30,Papas fritas clásicas 170 g
Children's Day,2026-04-30,Pepino
Children's Day,2026-04-30,Tomate verde (tomatillo)
Children's Day,2026-04-30,Verdolaga
Children's Day,2026-04-30,Zanahoria
Labor Day,2026-05-01,Aguacate Hass
Labor Day,2026-05-01,Yogur de fresa 1L
Labor Day,2026-05-01,Refresco limón 600 ml
Labor Day,2026-05-01,Mamey
Labor Day,2026-05-01,Mango Ataulfo 1kg
Labor Day,2026-05-01,Papaya
Labor Day,2026-05-01,Piña
Labor Day,2026-05-01,Plátano tabasco 1 kg
Labor Day,2026-05-01,Sandía
Labor Day,2026-05-01,Acelga
Labor Day,2026-05-01,Ajo
Labor Day,2026-05-01,Berenjena
Labor Day,2026-05-01,Betabel
Labor Day,2026-05-01,Calabacita
Labor Day,2026-05-01,Cebolla
Labor Day,2026-05-01,Chayote
Labor Day,2026-05-01,Chile verde (jalapeño/serrano)
Labor Day,2026-05-01,Chícharo
Labor Day,2026-05-01,Col (repollo)
Labor Day,2026-05-01,Coliflor
Labor Day,2026-05-01,Ejote
Labor Day,2026-05-01,Elote (maíz tierno)
Labor Day,2026-05-01,Espinaca
Labor Day,2026-05-01,Jitomate (tomate rojo)
Labor Day,2026-05-01,Lechuga
Labor Day,2026-05-01,Nopal
Labor Day,2026-05-01,Papas fritas clásicas 170 g
Labor Day,2026-05-01,Pepino
Labor Day,2026-05-01,Tomate verde (tomatillo)
Labor Day,2026-05-01,Verdolaga
Labor Day,2026-05-01,Zanahoria
Battle of Puebla (Cinco de Mayo),2026-05-05,Aguacate Hass
Battle of Puebla (Cinco de Mayo),2026-05-05,Yogur de fresa 1L
Battle of Puebla (Cinco de Mayo),2026-05-05,Refresco limón 600 ml
Battle of Puebla (Cinco de Mayo),2026-05-05,Mamey
Battle of Puebla (Cinco de Mayo),2026-05-05,Mango Ataulfo 1kg
Battle of Puebla (Cinco de Mayo),2026-05-05,Papaya
Battle of Puebla (Cinco de Mayo),2026-05-05,Piña
Battle of Puebla (Cinco de Mayo),2026-05-05,Plátano tabasco 1 kg
Battle of Puebla (Cinco de Mayo),2026-05-05,Sandía
Battle of Puebla (Cinco de Mayo),2026-05-05,Acelga
Battle of Puebla (Cinco de Mayo),2026-05-05,Ajo
Battle of Puebla (Cinco de Mayo),2026-05-05,Berenjena
Battle of Puebla (Cinco de Mayo),2026-05-05,Betabel
Battle of Puebla (Cinco de Mayo),2026-05-05,Calabacita
Battle of Puebla (Cinco de Mayo),2026-05-05,Cebolla
Battle of Puebla (Cinco de Mayo),2026-05-05,Chayote
Battle of Puebla (Cinco de Mayo),2026-05-05,Chile verde (jalapeño/serrano)
Battle of Puebla (Cinco de Mayo),2026-05-05,Chícharo
Battle of Puebla (Cinco de Mayo),2026-05-05,Col (repollo)
Battle of Puebla (Cinco de Mayo),2026-05-05,Coliflor
Battle of Puebla (Cinco de Mayo),2026-05-05,Ejote
Battle of Puebla (Cinco de Mayo),2026-05-05,Elote (maíz tierno)
Battle of Puebla (Cinco de Mayo),2026-05-05,Espinaca
Battle of Puebla (Cinco de Mayo),2026-05-05,Jitomate (tomate rojo)
Battle of Puebla (Cinco de Mayo),2026-05-05,Lechuga
Battle of Puebla (Cinco de Mayo),2026-05-05,Nopal
Battle of Puebla (Cinco de Mayo),2026-05-05,Papas fritas clásicas 170 g
Battle of Puebla (Cinco de Mayo),2026-05-05,Pepino
Battle of Puebla (Cinco de Mayo),2026-05-05,Tomate verde (tomatillo)
Battle of Puebla (Cinco de Mayo),2026-05-05,Verdolaga
Battle of Puebla (Cinco de Mayo),2026-05-05,Zanahoria
Mother's Day,2026-05-10,Aguacate Hass
Mother's Day,2026-05-10,Yogur de fresa 1L
Mother's Day,2026-05-10,Refresco limón 600 ml
Mother's Day,2026-05-10,Mamey
Mother's Day,2026-05-10,Mango Ataulfo 1kg
Mother's Day,2026-05-10,Papaya
Mother's Day,2026-05-10,Piña
Mother's Day,2026-05-10,Plátano tabasco 1 kg
Mother's Day,2026-05-10,Sandía
Mother's Day,2026-05-10,Acelga
Mother's Day,2026-05-10,Ajo
Mother's Day,2026-05-10,Berenjena
Mother's Day,2026-05-10,Betabel
Mother's Day,2026-05-10,Calabacita
Mother's Day,2026-05-10,Cebolla
Mother's Day,2026-05-10,Chayote
Mother's Day,2026-05-10,Chile verde (jalapeño/serrano)
Mother's Day,2026-05-10,Chícharo
Mother's Day,2026-05-10,Col (repollo)
Mother's Day,2026-05-10,Coliflor
Mother's Day,2026-05-10,Ejote
Mother's Day,2026-05-10,Elote (maíz tierno)
Mother's Day,2026-05-10,Espinaca
Mother's Day,2026-05-10,Jitomate (tomate rojo)
Mother's Day,2026-05-10,Lechuga
Mother's Day,2026-05-10,Nopal
Mother's Day,2026-05-10,Papas fritas clásicas 170 g
Mother's Day,2026-05-10,Pepino
Mother's Day,2026-05-10,Tomate verde (tomatillo)
Mother's Day,2026-05-10,Verdolaga
Mother's Day,2026-05-10,Zanahoria
Ascension Day,2026-05-14,Aguacate Hass
Ascension Day,2026-05-14,Yogur de fresa 1L
Ascension Day,2026-05-14,Refresco limón 600 ml
Ascension Day,2026-05-14,Mamey
Ascension Day,2026-05-14,Mango Ataulfo 1kg
Ascension Day,2026-05-14,Papaya
Ascension Day,2026-05-14,Piña
Ascension Day,2026-05-14,Plátano tabasco 1 kg
Ascension Day,2026-05-14,Sandía
Ascension Day,2026-05-14,Acelga
Ascension Day,2026-05-14,Ajo
Ascension Day,2026-05-14,Berenjena
Ascension Day,2026-05-14,Betabel
Ascension Day,2026-05-14,Calabacita
Ascension Day,2026-05-14,Cebolla
Ascension Day,2026-05-14,Chayote
Ascension Day,2026-05-14,Chile verde (jalapeño/serrano)
Ascension Day,2026-05-14,Chícharo
Ascension Day,2026-05-14,Col (repollo)
Ascension Day,2026-05-14,Coliflor
Ascension Day,2026-05-14,Ejote
Ascension Day,2026-05-14,Elote (maíz tierno)
Ascension Day,2026-05-14,Espinaca
Ascension Day,2026-05-14,Jitomate (tomate rojo)
Ascension Day,2026-05-14,Lechuga
Ascension Day,2026-05-14,Nopal
Ascension Day,2026-05-14,Papas fritas clásicas 170 g
Ascension Day,2026-05-14,Pepino
Ascension Day,2026-05-14,Tomate verde (tomatillo)
Ascension Day,2026-05-14,Verdolaga
Ascension Day,2026-05-14,Zanahoria
Teacher's Day,2026-05-15,Aguacate Hass
Teacher's Day,2026-05-15,Yogur de fresa 1L
Teacher's Day,2026-05-15,Refresco limón 600 ml
Teacher's Day,2026-05-15,Mamey
Teacher's Day,2026-05-15,Mango Ataulfo 1kg
Teacher's Day,2026-05-15,Papaya
Teacher's Day,2026-05-15,Piña
Teacher's Day,2026-05-15,Plátano tabasco 1 kg
Teacher's Day,2026-05-15,Sandía
Teacher's Day,2026-05-15,Acelga
Teacher's Day,2026-05-15,Ajo
Teacher's Day,2026-05-15,Berenjena
Teacher's Day,2026-05-15,Betabel
Teacher's Day,2026-05-15,Calabacita
Teacher's Day,2026-05-15,Cebolla
Teacher's Day,2026-05-15,Chayote
Teacher's Day,2026-05-15,Chile verde (jalapeño/serrano)
Teacher's Day,2026-05-15,Chícharo
Teacher's Day,2026-05-15,Col (repollo)
Teacher's Day,2026-05-15,Coliflor
Teacher's Day,2026-05-15,Ejote
Teacher's Day,2026-05-15,Elote (maíz tierno)
Teacher's Day,2026-05-15,Espinaca
Teacher's Day,2026-05-15,Jitomate (tomate rojo)
Teacher's Day,2026-05-15,Lechuga
Teacher's Day,2026-05-15,Nopal
Teacher's Day,2026-05-15,Papas fritas clásicas 170 g
Teacher's Day,2026-05-15,Pepino
Teacher's Day,2026-05-15,Tomate verde (tomatillo)
Teacher's Day,2026-05-15,Verdolaga
Teacher's Day,2026-05-15,Zanahoria
Pentecost Sunday,2026-05-24,Aguacate Hass
Pentecost Sunday,2026-05-24,Yogur de fresa 1L
Pentecost Sunday,2026-05-24,Refresco limón 600 ml
Pentecost Sunday,2026-05-24,Mamey
Pentecost Sunday,2026-05-24,Mango Ataulfo 1kg
Pentecost Sunday,2026-05-24,Papaya
Pentecost Sunday,2026-05-24,Piña
Pentecost Sunday,2026-05-24,Plátano tabasco 1 kg
Pentecost Sunday,2026-05-24,Sandía
Pentecost Sunday,2026-05-24,Acelga
Pentecost Sunday,2026-05-24,Ajo
Pentecost Sunday,2026-05-24,Berenjena
Pentecost Sunday,2026-05-24,Betabel
Pentecost Sunday,2026-05-24,Calabacita
Pentecost Sunday,2026-05-24,Cebolla
Pentecost Sunday,2026-05-24,Chayote
Pentecost Sunday,2026-05-24,Chile verde (jalapeño/serrano)
Pentecost Sunday,2026-05-24,Chícharo
Pentecost Sunday,2026-05-24,Col (repollo)
Pentecost Sunday,2026-05-24,Coliflor
Pentecost Sunday,2026-05-24,Ejote
Pentecost Sunday,2026-05-24,Elote (maíz tierno)
Pentecost Sunday,2026-05-24,Espinaca
Pentecost Sunday,2026-05-24,Jitomate (tomate rojo)
Pentecost Sunday,2026-05-24,Lechuga
Pentecost Sunday,2026-05-24,Nopal
Pentecost Sunday,2026-05-24,Papas fritas clásicas 170 g
Pentecost Sunday,2026-05-24,Pepino
Pentecost Sunday,2026-05-24,Tomate verde (tomatillo)
Pentecost Sunday,2026-05-24,Verdolaga
Pentecost Sunday,2026-05-24,Zanahoria
Corpus Christi,2026-06-04,Aguacate Hass
Corpus Christi,2026-06-04,Yogur de fresa 1L
Corpus Christi,2026-06-04,Refresco limón 600 ml
Corpus Christi,2026-06-04,Mamey
Corpus Christi,2026-06-04,Mango Ataulfo 1kg
Corpus Christi,2026-06-04,Melón
Corpus Christi,2026-06-04,Papaya
Corpus Christi,2026-06-04,Piña
Corpus Christi,2026-06-04,Plátano tabasco 1 kg
Corpus Christi,2026-06-04,Uva
Corpus Christi,2026-06-04,Acelga
Corpus Christi,2026-06-04,Ajo
Corpus Christi,2026-06-04,Berro
Corpus Christi,2026-06-04,Betabel
Corpus Christi,2026-06-04,Calabacita
Corpus Christi,2026-06-04,Cebolla
Corpus Christi,2026-06-04,Chayote
Corpus Christi,2026-06-04,Chile verde (jalapeño/serrano)
Corpus Christi,2026-06-04,Chícharo
Corpus Christi,2026-06-04,Col (repollo)
Corpus Christi,2026-06-04,Ejote
Corpus Christi,2026-06-04,Elote (maíz tierno)
Corpus Christi,2026-06-04,Espinaca
Corpus Christi,2026-06-04,Jitomate (tomate rojo)
Corpus Christi,2026-06-04,Lechuga
Corpus Christi,2026-06-04,Papas fritas clásicas 170 g
Corpus Christi,2026-06-04,Pepino
Corpus Christi,2026-06-04,Tomate verde (tomatillo)
Corpus Christi,2026-06-04,Verdolaga
Corpus Christi,2026-06-04,Zanahoria
Father's Day,2026-06-21,Aguacate Hass
Father's Day,2026-06-21,Yogur de fresa 1L
Father's Day,2026-06-21,Refresco limón 600 ml
Father's Day,2026-06-21,Mamey
Father's Day,2026-06-21,Mango Ataulfo 1kg
Father's Day,2026-06-21,Melón
Father's Day,2026-06-21,Papaya
Father's Day,2026-06-21,Piña
Father's Day,2026-06-21,Plátano tabasco 1 kg
Father's Day,2026-06-21,Uva
Father's Day,2026-06-21,Acelga
Father's Day,2026-06-21,Ajo
Father's Day,2026-06-21,Berro
Father's Day,2026-06-21,Betabel
Father's Day,2026-06-21,Calabacita
Father's Day,2026-06-21,Cebolla
Father's Day,2026-06-21,Chayote
Father's Day,2026-06-21,Chile verde (jalapeño/serrano)
Father's Day,2026-06-21,Chícharo
Father's Day,2026-06-21,Col (repollo)
Father's Day,2026-06-21,Ejote
Father's Day,2026-06-21,Elote (maíz tierno)
Father's Day,2026-06-21,Espinaca
Father's Day,2026-06-21,Jitomate (tomate rojo)
Father's Day,2026-06-21,Lechuga
Father's Day,2026-06-21,Papas fritas clásicas 170 g
Father's Day,2026-06-21,Pepino
Father's Day,2026-06-21,Tomate verde (tomatillo)
Father's Day,2026-06-21,Verdolaga
Father's Day,2026-06-21,Zanahoria
June Solstice,2026-06-21,Aguacate Hass
June Solstice,2026-06-21,Yogur de fresa 1L
June Solstice,2026-06-21,Refresco limón 600 ml
June Solstice,2026-06-21,Mamey
June Solstice,2026-06-21,Mango Ataulfo 1kg
June Solstice,2026-06-21,Melón
June Solstice,2026-06-21,Papaya
June Solstice,2026-06-21,Piña
June Solstice,2026-06-21,Plátano tabasco 1 kg
June Solstice,2026-06-21,Uva
June Solstice,2026-06-21,Acelga
June Solstice,2026-06-21,Ajo
June Solstice,2026-06-21,Berro
June Solstice,2026-06-21,Betabel
June Solstice,2026-06-21,Calabacita
June Solstice,2026-06-21,Cebolla
June Solstice,2026-06-21,Chayote
June Solstice,2026-06-21,Chile verde (jalapeño/serrano)
June Solstice,2026-06-21,Chícharo
June Solstice,2026-06-21,Col (repollo)
June Solstice,2026-06-21,Ejote
June Solstice,2026-06-21,Elote (maíz tierno)
June Solstice,2026-06-21,Espinaca
June Solstice,2026-06-21,Jitomate (tomate rojo)
June Solstice,2026-06-21,Lechuga
June Solstice,2026-06-21,Papas fritas clásicas 170 g
June Solstice,2026-06-21,Pepino
June Solstice,2026-06-21,Tomate verde (tomatillo)
June Solstice,2026-06-21,Verdolaga
June Solstice,2026-06-21,Zanahoria
Assumption of Mary,2026-08-15,Aguacate Hass
Assumption of Mary,2026-08-15,Ciruela
Assumption of Mary,2026-08-15,Néctar de durazno 1 L
Assumption of Mary,2026-08-15,Higo
Assumption of Mary,2026-08-15,Refresco limón 600 ml
Assumption of Mary,2026-08-15,Mango Ataulfo 1kg
Assumption of Mary,2026-08-15,Manzana Gala en Bolsa 1kg
Assumption of Mary,2026-08-15,Melón
Assumption of Mary,2026-08-15,Papaya
Assumption of Mary,2026-08-15,Pera
Assumption of Mary,2026-08-15,Piña
Assumption of Mary,2026-08-15,Plátano tabasco 1 kg
Assumption of Mary,2026-08-15,Tuna
Assumption of Mary,2026-08-15,Uva
Assumption of Mary,2026-08-15,Zapote negro
Assumption of Mary,2026-08-15,Acelga
Assumption of Mary,2026-08-15,Ajo
Assumption of Mary,2026-08-15,Betabel
Assumption of Mary,2026-08-15,Calabacita
Assumption of Mary,2026-08-15,Cebolla
Assumption of Mary,2026-08-15,Chayote
Assumption of Mary,2026-08-15,Chile poblano
Assumption of Mary,2026-08-15,Chile verde (jalapeño/serrano)
Assumption of Mary,2026-08-15,Col (repollo)
Assumption of Mary,2026-08-15,Ejote
Assumption of Mary,2026-08-15,Elote (maíz tierno)
Assumption of Mary,2026-08-15,Espinaca
Assumption of Mary,2026-08-15,Jitomate (tomate rojo)
Assumption of Mary,2026-08-15,Lechuga
Assumption of Mary,2026-08-15,Papas fritas clásicas 170 g
Assumption of Mary,2026-08-15,Pepino
Assumption of Mary,2026-08-15,Tomate verde (tomatillo)
Assumption of Mary,2026-08-15,Verdolaga
Assumption of Mary,2026-08-15,Zanahoria
Shout of Dolores,2026-09-15,Aguacate Hass
Shout of Dolores,2026-09-15,Néctar de durazno 1 L
Shout of Dolores,2026-09-15,Granada roja
Shout of Dolores,2026-09-15,Guayaba
Shout of Dolores,2026-09-15,Higo
Shout of Dolores,2026-09-15,Refresco limón 600 ml
Shout of Dolores,2026-09-15,Manzana Gala en Bolsa 1kg
Shout of Dolores,2026-09-15,Papaya
Shout of Dolores,2026-09-15,Pera
Shout of Dolores,2026-09-15,Piña
Shout of Dolores,2026-09-15,Plátano tabasco 1 kg
Shout of Dolores,2026-09-15,Tuna
Shout of Dolores,2026-09-15,Uva
Shout of Dolores,2026-09-15,Zapote negro
Shout of Dolores,2026-09-15,Acelga
Shout of Dolores,2026-09-15,Ajo
Shout of Dolores,2026-09-15,Betabel
Shout of Dolores,2026-09-15,Calabacita
Shout of Dolores,2026-09-15,Cebolla
Shout of Dolores,2026-09-15,Chayote
Shout of Dolores,2026-09-15,Chile poblano
Shout of Dolores,2026-09-15,Chile verde (jalapeño/serrano)
Shout of Dolores,2026-09-15,Col (repollo)
Shout of Dolores,2026-09-15,Ejote
Shout of Dolores,2026-09-15,Elote (maíz tierno)
Shout of Dolores,2026-09-15,Espinaca
Shout of Dolores,2026-09-15,Jitomate (tomate rojo)
Shout of Dolores,2026-09-15,Lechuga
Shout of Dolores,2026-09-15,Papas fritas clásicas 170 g
Shout of Dolores,2026-09-15,Pepino
Shout of Dolores,2026-09-15,Tomate verde (tomatillo)
Shout of Dolores,2026-09-15,Verdolaga
Shout of Dolores,2026-09-15,Zanahoria
Independence Day,2026-09-16,Aguacate Hass
Independence Day,2026-09-16,Néctar de durazno 1 L
Independence Day,2026-09-16,Granada roja
Independence Day,2026-09-16,Guayaba
Independence Day,2026-09-16,Higo
Independence Day,2026-09-16,Refresco limón 600 ml
Independence Day,2026-09-16,Manzana Gala en Bolsa 1kg
Independence Day,2026-09-16,Papaya
Independence Day,2026-09-16,Pera
Independence Day,2026-09-16,Piña
Independence Day,2026-09-16,Plátano tabasco 1 kg
Independence Day,2026-09-16,Tuna
Independence Day,2026-09-16,Uva
Independence Day,2026-09-16,Zapote negro
Independence Day,2026-09-16,Acelga
Independence Day,2026-09-16,Ajo
Independence Day,2026-09-16,Betabel
Independence Day,2026-09-16,Calabacita
Independence Day,2026-09-16,Cebolla
Independence Day,2026-09-16,Chayote
Independence Day,2026-09-16,Chile poblano
Independence Day,2026-09-16,Chile verde (jalapeño/serrano)
Independence Day,2026-09-16,Col (repollo)
Independence Day,2026-09-16,Ejote
Independence Day,2026-09-16,Elote (maíz tierno)
Independence Day,2026-09-16,Espinaca
Independence Day,2026-09-16,Jitomate (tomate rojo)
Independence Day,2026-09-16,Lechuga
Independence Day,2026-09-16,Papas fritas clásicas 170 g
Independence Day,2026-09-16,Pepino
Independence Day,2026-09-16,Tomate verde (tomatillo)
Independence Day,2026-09-16,Verdolaga
Independence Day,2026-09-16,Zanahoria
September Equinox,2026-09-22,Aguacate Hass
September Equinox,2026-09-22,Néctar de durazno 1 L
September Equinox,2026-09-22,Granada roja
September Equinox,2026-09-22,Guayaba
September Equinox,2026-09-22,Higo
September Equinox,2026-09-22,Refresco limón 600 ml
September Equinox,2026-09-22,Manzana Gala en Bolsa 1kg
September Equinox,2026-09-22,Papaya
September Equinox,2026-09-22,Pera
September Equinox,2026-09-22,Piña
September Equinox,2026-09-22,Plátano tabasco 1 kg
September Equinox,2026-09-22,Tuna
September Equinox,2026-09-22,Uva
September Equinox,2026-09-22,Zapote negro
September Equinox,2026-09-22,Acelga
September Equinox,2026-09-22,Ajo
September Equinox,2026-09-22,Betabel
September Equinox,2026-09-22,Calabacita
September Equinox,2026-09-22,Cebolla
September Equinox,2026-09-22,Chayote
September Equinox,2026-09-22,Chile poblano
September Equinox,2026-09-22,Chile verde (jalapeño/serrano)
September Equinox,2026-09-22,Col (repollo)
September Equinox,2026-09-22,Ejote
September Equinox,2026-09-22,Elote (maíz tierno)
September Equinox,2026-09-22,Espinaca
September Equinox,2026-09-22,Jitomate (tomate rojo)
September Equinox,2026-09-22,Lechuga
September Equinox,2026-09-22,Papas fritas clásicas 170 g
September Equinox,2026-09-22,Pepino
September Equinox,2026-09-22,Tomate verde (tomatillo)
September Equinox,2026-09-22,Verdolaga
September Equinox,2026-09-22,Zanahoria
Day of Race,2026-10-12,Aguacate Hass
Day of Race,2026-10-12,Granada roja
Day of Race,2026-10-12,Guayaba
Day of Race,2026-10-12,Higo
Day of Race,2026-10-12,Refresco limón 600 ml
Day of Race,2026-10-12,Manzana Gala en Bolsa 1kg
Day of Race,2026-10-12,Papaya
Day of Race,2026-10-12,Pera
Day of Race,2026-10-12,Piña
Day of Race,2026-10-12,Plátano tabasco 1 kg
Day of Race,2026-10-12,Tejocote
Day of Race,2026-10-12,Uva
Day of Race,2026-10-12,Zapote negro
Day of Race,2026-10-12,Acelga
Day of Race,2026-10-12,Ajo
Day of Race,2026-10-12,Betabel
Day of Race,2026-10-12,Calabacita
Day of Race,2026-10-12,Cebolla
Day of Race,2026-10-12,Chayote
Day of Race,2026-10-12,Chile poblano
Day of Race,2026-10-12,Chile verde (jalapeño/serrano)
Day of Race,2026-10-12,Col (repollo)
Day of Race,2026-10-12,Coliflor
Day of Race,2026-10-12,Ejote
Day of Race,2026-10-12,Elote (maíz tierno)
Day of Race,2026-10-12,Espinaca
Day of Race,2026-10-12,Jitomate (tomate rojo)
Day of Race,2026-10-12,Lechuga
Day of Race,2026-10-12,Papas fritas clásicas 170 g
Day of Race,2026-10-12,Pepino
Day of Race,2026-10-12,Tomate verde (tomatillo)
Day of Race,2026-10-12,Verdolaga
Day of Race,2026-10-12,Zanahoria
Halloween,2026-10-31,Aguacate Hass
Halloween,2026-10-31,Granada roja
Halloween,2026-10-31,Guayaba
Halloween,2026-10-31,Higo
Halloween,2026-10-31,Refresco limón 600 ml
Halloween,2026-10-31,Manzana Gala en Bolsa 1kg
Halloween,2026-10-31,Papaya
Halloween,2026-10-31,Pera
Halloween,2026-10-31,Piña
Halloween,2026-10-31,Plátano tabasco 1 kg
Halloween,2026-10-31,Tejocote
Halloween,2026-10-31,Uva
Halloween,2026-10-31,Zapote negro
Halloween,2026-10-31,Acelga
Halloween,2026-10-31,Ajo
Halloween,2026-10-31,Betabel
Halloween,2026-10-31,Calabacita
Halloween,2026-10-31,Cebolla
Halloween,2026-10-31,Chayote
Halloween,2026-10-31,Chile poblano
Halloween,2026-10-31,Chile verde (jalapeño/serrano)
Halloween,2026-10-31,Col (repollo)
Halloween,2026-10-31,Coliflor
Halloween,2026-10-31,Ejote
Halloween,2026-10-31,Elote (maíz tierno)
Halloween,2026-10-31,Espinaca
Halloween,2026-10-31,Jitomate (tomate rojo)
Halloween,2026-10-31,Lechuga
Halloween,2026-10-31,Papas fritas clásicas 170 g
Halloween,2026-10-31,Pepino
Halloween,2026-10-31,Tomate verde (tomatillo)
Halloween,2026-10-31,Verdolaga
Halloween,2026-10-31,Zanahoria
All Saints' Day,2026-11-01,Aguacate Hass
All Saints' Day,2026-11-01,Guayaba
All Saints' Day,2026-11-01,Lima
All Saints' Day,2026-11-01,Refresco limón 600 ml
All Saints' Day,2026-11-01,Mandarina
All Saints' Day,2026-11-01,Jugo de naranja 1 L
All Saints' Day,2026-11-01,Papaya
All Saints' Day,2026-11-01,Piña
All Saints' Day,2026-11-01,Plátano tabasco 1 kg
All Saints' Day,2026-11-01,Tejocote
All Saints' Day,2026-11-01,Toronja (pomelo)
All Saints' Day,2026-11-01,Uva
All Saints' Day,2026-11-01,Zapote negro
All Saints' Day,2026-11-01,Acelga
All Saints' Day,2026-11-01,Ajo
All Saints' Day,2026-11-01,Betabel
All Saints' Day,2026-11-01,Calabacita
All Saints' Day,2026-11-01,Cebolla
All Saints' Day,2026-11-01,Col (repollo)
All Saints' Day,2026-11-01,Coliflor
All Saints' Day,2026-11-01,Ejote
All Saints' Day,2026-11-01,Elote (maíz tierno)
All Saints' Day,2026-11-01,Espinaca
All Saints' Day,2026-11-01,Jitomate (tomate rojo)
All Saints' Day,2026-11-01,Lechuga
All Saints' Day,2026-11-01,Papas fritas clásicas 170 g
All Saints' Day,2026-11-01,Pepino
All Saints' Day,2026-11-01,Tomate verde (tomatillo)
All Saints' Day,2026-11-01,Zanahoria
All Souls' Day,2026-11-02,Aguacate Hass
All Souls' Day,2026-11-02,Guayaba
All Souls' Day,2026-11-02,Lima
All Souls' Day,2026-11-02,Refresco limón 600 ml
All Souls' Day,2026-11-02,Mandarina
All Souls' Day,2026-11-02,Jugo de naranja 1 L
All Souls' Day,2026-11-02,Papaya
All Souls' Day,2026-11-02,Piña
All Souls' Day,2026-11-02,Plátano tabasco 1 kg
All Souls' Day,2026-11-02,Tejocote
All Souls' Day,2026-11-02,Toronja (pomelo)
All Souls' Day,2026-11-02,Uva
All Souls' Day,2026-11-02,Zapote negro
All Souls' Day,2026-11-02,Acelga
All Souls' Day,2026-11-02,Ajo
All Souls' Day,2026-11-02,Betabel
All Souls' Day,2026-11-02,Calabacita
All Souls' Day,2026-11-02,Cebolla
All Souls' Day,2026-11-02,Col (repollo)
All Souls' Day,2026-11-02,Coliflor
All Souls' Day,2026-11-02,Ejote
All Souls' Day,2026-11-02,Elote (maíz tierno)
All Souls' Day,2026-11-02,Espinaca
All Souls' Day,2026-11-02,Jitomate (tomate rojo)
All Souls' Day,2026-11-02,Lechuga
All Souls' Day,2026-11-02,Papas fritas clásicas 170 g
All Souls' Day,2026-11-02,Pepino
All Souls' Day,2026-11-02,Tomate verde (tomatillo)
All Souls' Day,2026-11-02,Zanahoria
Revolution Day Memorial,2026-11-16,Aguacate Hass
Revolution Day Memorial,2026-11-16,Guayaba
Revolution Day Memorial,2026-11-16,Lima
Revolution Day Memorial,2026-11-16,Refresco limón 600 ml
Revolution Day Memorial,2026-11-16,Mandarina
Revolution Day Memorial,2026-11-16,Jugo de naranja 1 L
Revolution Day Memorial,2026-11-16,Papaya
Revolution Day Memorial,2026-11-16,Piña
Revolution Day Memorial,2026-11-16,Plátano tabasco 1 kg
Revolution Day Memorial,2026-11-16,Tejocote
Revolution Day Memorial,2026-11-16,Toronja (pomelo)
Revolution Day Memorial,2026-11-16,Uva
Revolution Day Memorial,2026-11-16,Zapote negro
Revolution Day Memorial,2026-11-16,Acelga
Revolution Day Memorial,2026-11-16,Ajo
Revolution Day Memorial,2026-11-16,Betabel
Revolution Day Memorial,2026-11-16,Calabacita
Revolution Day Memorial,2026-11-16,Cebolla
Revolution Day Memorial,2026-11-16,Col (repollo)
Revolution Day Memorial,2026-11-16,Coliflor
Revolution Day Memorial,2026-11-16,Ejote
Revolution Day Memorial,2026-11-16,Elote (maíz tierno)
Revolution Day Memorial,2026-11-16,Espinaca
Revolution Day Memorial,2026-11-16,Jitomate (tomate rojo)
Revolution Day Memorial,2026-11-16,Lechuga
Revolution Day Memorial,2026-11-16,Papas fritas clásicas 170 g
Revolution Day Memorial,2026-11-16,Pepino
Revolution Day Memorial,2026-11-16,Tomate verde (tomatillo)
Revolution Day Memorial,2026-11-16,Zanahoria
Christ the King Day,2026-11-22,Aguacate Hass
Christ the King Day,2026-11-22,Guayaba
Christ the King Day,2026-11-22,Lima
Christ the King Day,2026-11-22,Refresco limón 600 ml
Christ the King Day,2026-11-22,Mandarina
Christ the King Day,2026-11-22,Jugo de naranja 1 L
Christ the King Day,2026-11-22,Papaya
Christ the King Day,2026-11-22,Piña
Christ the King Day,2026-11-22,Plátano tabasco 1 kg
Christ the King Day,2026-11-22,Tejocote
Christ the King Day,2026-11-22,Toronja (pomelo)
Christ the King Day,2026-11-22,Uva
Christ the King Day,2026-11-22,Zapote negro
Christ the King Day,2026-11-22,Acelga
Christ the King Day,2026-11-22,Ajo
Christ the King Day,2026-11-22,Betabel
Christ the King Day,2026-11-22,Calabacita
Christ the King Day,2026-11-22,Cebolla
Christ the King Day,2026-11-22,Col (repollo)
Christ the King Day,2026-11-22,Coliflor
Christ the King Day,2026-11-22,Ejote
Christ the King Day,2026-11-22,Elote (maíz tierno)
Christ the King Day,2026-11-22,Espinaca
Christ the King Day,2026-11-22,Jitomate (tomate rojo)
Christ the King Day,2026-11-22,Lechuga
Christ the King Day,2026-11-22,Papas fritas clásicas 170 g
Christ the King Day,2026-11-22,Pepino
Christ the King Day,2026-11-22,Tomate verde (tomatillo)
Christ the King Day,2026-11-22,Zanahoria
Feast of the Immaculate Conception,2026-12-08,Aguacate Hass
Feast of the Immaculate Conception,2026-12-08,Guayaba
Feast of the Immaculate Conception,2026-12-08,Lima
Feast of the Immaculate Conception,2026-12-08,Refresco limón 600 ml
Feast of the Immaculate Conception,2026-12-08,Mandarina
Feast of the Immaculate Conception,2026-12-08,Jugo de naranja 1 L
Feast of the Immaculate Conception,2026-12-08,Papaya
Feast of the Immaculate Conception,2026-12-08,Piña
Feast of the Immaculate Conception,2026-12-08,Plátano tabasco 1 kg
Feast of the Immaculate Conception,2026-12-08,Tejocote
Feast of the Immaculate Conception,2026-12-08,Toronja (pomelo)
Feast of the Immaculate Conception,2026-12-08,Uva
Feast of the Immaculate Conception,2026-12-08,Zapote negro
Feast of the Immaculate Conception,2026-12-08,Acelga
Feast of the Immaculate Conception,2026-12-08,Ajo
Feast of the Immaculate Conception,2026-12-08,Betabel
Feast of the Immaculate Conception,2026-12-08,Calabacita
Feast of the Immaculate Conception,2026-12-08,Cebolla
Feast of the Immaculate Conception,2026-12-08,Col (repollo)
Feast of the Immaculate Conception,2026-12-08,Coliflor
Feast of the Immaculate Conception,2026-12-08,Espinaca
Feast of the Immaculate Conception,2026-12-08,Jitomate (tomate rojo)
Feast of the Immaculate Conception,2026-12-08,Lechuga
Feast of the Immaculate Conception,2026-12-08,Papas fritas clásicas 170 g
Feast of the Immaculate Conception,2026-12-08,Pepino
Feast of the Immaculate Conception,2026-12-08,Tomate verde (tomatillo)
Feast of the Immaculate Conception,2026-12-08,Zanahoria
Day of the Virgin of Guadalupe,2026-12-12,Aguacate Hass
Day of the Virgin of Guadalupe,2026-12-12,Guayaba
Day of the Virgin of Guadalupe,2026-12-12,Lima
Day of the Virgin of Guadalupe,2026-12-12,Refresco limón 600 ml
Day of the Virgin of Guadalupe,2026-12-12,Mandarina
Day of the Virgin of Guadalupe,2026-12-12,Jugo de naranja 1 L
Day of the Virgin of Guadalupe,2026-12-12,Papaya
Day of the Virgin of Guadalupe,2026-12-12,Piña
Day of the Virgin of Guadalupe,2026-12-12,Plátano tabasco 1 kg
Day of the Virgin of Guadalupe,2026-12-12,Tejocote
Day of the Virgin of Guadalupe,2026-12-12,Toronja (pomelo)
Day of the Virgin of Guadalupe,2026-12-12,Uva
Day of the Virgin of Guadalupe,2026-12-12,Zapote negro
Day of the Virgin of Guadalupe,2026-12-12,Acelga
Day of the Virgin of Guadalupe,2026-12-12,Ajo
Day of the Virgin of Guadalupe,2026-12-12,Betabel
Day of the Virgin of Guadalupe,2026-12-12,Calabacita
Day of the Virgin of Guadalupe,2026-12-12,Cebolla
Day of the Virgin of Guadalupe,2026-12-12,Col (repollo)
Day of the Virgin of Guadalupe,2026-12-12,Coliflor
Day of the Virgin of Guadalupe,2026-12-12,Espinaca
Day of the Virgin of Guadalupe,2026-12-12,Jitomate (tomate rojo)
Day of the Virgin of Guadalupe,2026-12-12,Lechuga
Day of the Virgin of Guadalupe,2026-12-12,Papas fritas clásicas 170 g
Day of the Virgin of Guadalupe,2026-12-12,Pepino
Day of the Virgin of Guadalupe,2026-12-12,Tomate verde (tomatillo)
Day of the Virgin of Guadalupe,2026-12-12,Zanahoria
December Solstice,2026-12-21,Aguacate Hass
December Solstice,2026-12-21,Guayaba
December Solstice,2026-12-21,Lima
December Solstice,2026-12-21,Refresco limón 600 ml
December Solstice,2026-12-21,Mandarina
December Solstice,2026-12-21,Jugo de naranja 1 L
December Solstice,2026-12-21,Papaya
December Solstice,2026-12-21,Piña
December Solstice,2026-12-21,Plátano tabasco 1 kg
December Solstice,2026-12-21,Tejocote
December Solstice,2026-12-21,Toronja (pomelo)
December Solstice,2026-12-21,Uva
December Solstice,2026-12-21,Zapote negro
December Solstice,2026-12-21,Acelga
December Solstice,2026-12-21,Ajo
December Solstice,2026-12-21,Betabel
December Solstice,2026-12-21,Calabacita
December Solstice,2026-12-21,Cebolla
December Solstice,2026-12-21,Col (repollo)
December Solstice,2026-12-21,Coliflor
December Solstice,2026-12-21,Espinaca
December Solstice,2026-12-21,Jitomate (tomate rojo)
December Solstice,2026-12-21,Lechuga
December Solstice,2026-12-21,Papas fritas clásicas 170 g
December Solstice,2026-12-21,Pepino
December Solstice,2026-12-21,Tomate verde (tomatillo)
December Solstice,2026-12-21,Zanahoria
Christmas Eve,2026-12-24,Aguacate Hass
Christmas Eve,2026-12-24,Guayaba
Christmas Eve,2026-12-24,Lima
Christmas Eve,2026-12-24,Refresco limón 600 ml
Christmas Eve,2026-12-24,Mandarina
Christmas Eve,2026-12-24,Jugo de naranja 1 L
Christmas Eve,2026-12-24,Papaya
Christmas Eve,2026-12-24,Piña
Christmas Eve,2026-12-24,Plátano tabasco 1 kg
Christmas Eve,2026-12-24,Tejocote
Christmas Eve,2026-12-24,Toronja (pomelo)
Christmas Eve,2026-12-24,Uva
Christmas Eve,2026-12-24,Zapote negro
Christmas Eve,2026-12-24,Acelga
Christmas Eve,2026-12-24,Ajo
Christmas Eve,2026-12-24,Betabel
Christmas Eve,2026-12-24,Calabacita
Christmas Eve,2026-12-24,Cebolla
Christmas Eve,2026-12-24,Col (repollo)
Christmas Eve,2026-12-24,Coliflor
Christmas Eve,2026-12-24,Espinaca
Christmas Eve,2026-12-24,Jitomate (tomate rojo)
Christmas Eve,2026-12-24,Lechuga
Christmas Eve,2026-12-24,Papas fritas clásicas 170 g
Christmas Eve,2026-12-24,Pepino
Christmas Eve,2026-12-24,Tomate verde (tomatillo)
Christmas Eve,2026-12-24,Zanahoria
Christmas Day,2026-12-25,Aguacate Hass
Christmas Day,2026-12-25,Guayaba
Christmas Day,2026-12-25,Lima
Christmas Day,2026-12-25,Refresco limón 600 ml
Christmas Day,2026-12-25,Mandarina
Christmas Day,2026-12-25,Jugo de naranja 1 L
Christmas Day,2026-12-25,Papaya
Christmas Day,2026-12-25,Piña
Christmas Day,2026-12-25,Plátano tabasco 1 kg
Christmas Day,2026-12-25,Tejocote
Christmas Day,2026-12-25,Toronja (pomelo)
Christmas Day,2026-12-25,Uva
Christmas Day,2026-12-25,Zapote negro
Christmas Day,2026-12-25,Acelga
Christmas Day,2026-12-25,Ajo
Christmas Day,2026-12-25,Betabel
Christmas Day,2026-12-25,Calabacita
Christmas Day,2026-12-25,Cebolla
Christmas Day,2026-12-25,Col (repollo)
Christmas Day,2026-12-25,Coliflor
Christmas Day,2026-12-25,Espinaca
Christmas Day,2026-12-25,Jitomate (tomate rojo)
Christmas Day,2026-12-25,Lechuga
Christmas Day,2026-12-25,Papas fritas clásicas 170 g
Christmas Day,2026-12-25,Pepino
Christmas Day,2026-12-25,Tomate verde (tomatillo)
Christmas Day,2026-12-25,Zanahoria
Day of the Holy Innocents,2026-12-28,Aguacate Hass
Day of the Holy Innocents,2026-12-28,Guayaba
Day of the Holy Innocents,2026-12-28,Lima
Day of the Holy Innocents,2026-12-28,Refresco limón 600 ml
Day of the Holy Innocents,2026-12-28,Mandarina
Day of the Holy Innocents,2026-12-28,Jugo de naranja 1 L
Day of the Holy Innocents,2026-12-28,Papaya
Day of the Holy Innocents,2026-12-28,Piña
Day of the Holy Innocents,2026-12-28,Plátano tabasco 1 kg
Day of the Holy Innocents,2026-12-28,Tejocote
Day of the Holy Innocents,2026-12-28,Toronja (pomelo)
Day of the Holy Innocents,2026-12-28,Uva
Day of the Holy Innocents,2026-12-28,Zapote negro
Day of the Holy Innocents,2026-12-28,Acelga
Day of the Holy Innocents,2026-12-28,Ajo
Day of the Holy Innocents,2026-12-28,Betabel
Day of the Holy Innocents,2026-12-28,Calabacita
Day of the Holy Innocents,2026-12-28,Cebolla
Day of the Holy Innocents,2026-12-28,Col (repollo)
Day of the Holy Innocents,2026-12-28,Coliflor
Day of the Holy Innocents,2026-12-28,Espinaca
Day of the Holy Innocents,2026-12-28,Jitomate (tomate rojo)
Day of the Holy Innocents,2026-12-28,Lechuga
Day of the Holy Innocents,2026-12-28,Papas fritas clásicas 170 g
Day of the Holy Innocents,2026-12-28,Pepino
Day of the Holy Innocents,2026-12-28,Tomate verde (tomatillo)
Day of the Holy Innocents,2026-12-28,Zanahoria
New Year's Eve,2026-12-31,Aguacate Hass
New Year's Eve,2026-12-31,Guayaba
New Year's Eve,2026-12-31,Lima
New Year's Eve,2026-12-31,Refresco limón 600 ml
New Year's Eve,2026-12-31,Mandarina
New Year's Eve,2026-12-31,Jugo de naranja 1 L
New Year's Eve,2026-12-31,Papaya
New Year's Eve,2026-12-31,Piña
New Year's Eve,2026-12-31,Plátano tabasco 1 kg
New Year's Eve,2026-12-31,Tejocote
New Year's Eve,2026-12-31,Toronja (pomelo)
New Year's Eve,2026-12-31,Uva
New Year's Eve,2026-12-31,Zapote negro
New Year's Eve,2026-12-31,Acelga
New Year's Eve,2026-12-31,Ajo
New Year's Eve,2026-12-31,Betabel
New Year's Eve,2026-12-31,Calabacita
New Year's Eve,2026-12-31,Cebolla
New Year's Eve,2026-12-31,Col (repollo)
New Year's Eve,2026-12-31,Coliflor
New Year's Eve,2026-12-31,Espinaca
New Year's Eve,2026-12-31,Jitomate (tomate rojo)
New Year's Eve,2026-12-31,Lechuga
New Year's Eve,2026-12-31,Papas fritas clásicas 170 g
New Year's Eve,2026-12-31,Pepino
New Year's Eve,2026-12-31,Tomate verde (tomatillo)
New Year's Eve,2026-12-31,Zanahoria
Day of the Holy Kings,2026-01-06,Refresco de cola 600 ml
Day of the Holy Kings,2026-01-06,Agua purificada 1.5 L
Day of the Holy Kings,2026-01-06,Agua mineral 600 ml
Children's Day,2026-04-30,Refresco de cola 600 ml
Children's Day,2026-04-30,Agua purificada 1.5 L
Children's Day,2026-04-30,Agua mineral 600 ml
Independence Day,2026-09-16,Refresco de cola 600 ml
Christmas Eve,2026-12-24,Refresco de cola 600 ml
Christmas Eve,2026-12-24,Agua purificada 1.5 L
Christmas Eve,2026-12-24,Agua mineral 600 ml
Christmas Day,2026-12-25,Refresco de cola 600 ml
Christmas Day,2026-12-25,Agua purificada 1.5 L
Christmas Day,2026-12-25,Agua mineral 600 ml
New Year's Eve,2026-12-31,Refresco de cola 600 ml
New Year's Eve,2026-12-31,Agua purificada 1.5 L
New Year's Eve,2026-12-31,Agua mineral 600 ml
